"('Intersection', 'Waypoint')",None,forward,left,right,E(s),Hit(s)
"('green_busy', None)",0.0,0.0,0.0,0.0,1.0,0
"('green_busy', 'forward')",0.0,0.0,0.0,0.0,1.0,0
"('green_busy', 'left')",0.0,0.0,0.0,0.0,1.0,0
"('green_busy', 'right')",0.0,0.0,0.0,0.0,1.0,0
"('green_clear', None)",0.0,0.0,0.0,0.0,1.0,0
"('green_clear', 'forward')",0.07086421431605539,2.496960278941326,-0.11977140275307449,-0.054671883274149055,0.01780083533893658,341
"('green_clear', 'left')",0.05832233114616531,-0.05,2.340237876709303,0.002904754998611292,0.0203380521405458,65
"('green_clear', 'right')",0.0,-0.135692,0.017155389074097888,2.558785956828554,0.01938479746092057,72
"('red_busy', None)",0.0,0.0,0.0,0.0,1.0,0
"('red_busy', 'forward')",0.0,-0.08800978938899759,-0.026095236218867546,0.046355578304580106,0.2496845111751119,5
"('red_busy', 'left')",0.0,0.0,-0.19,0.024974246354781127,0.44509031077830313,3
"('red_busy', 'right')",0.0,0.0,0.0,0.0,1.0,0
"('red_clear', None)",0.0,0.0,0.0,0.0,1.0,0
"('red_clear', 'forward')",0.34023192144846753,-0.3160028094823916,-0.3579536786255806,-0.08900000000000001,0.01917613361678357,542
"('red_clear', 'left')",0.32818394563933023,-0.03132874731228744,-0.2608208467518026,-0.021033129403170675,0.018696853396580365,94
"('red_clear', 'right')",0.04187546581122725,-0.25942,0.0,2.5900483737218005,0.016401682632292493,73
